{
  "full_ensemble": {
    "ndcg@10": 0.9675312470866648,
    "ndcg@50": 0.9845338045459214,
    "map": 0.9790498327430146,
    "p@10": 1.0,
    "backend": "sklearn-gbr"
  },
  "rule_only": {
    "ndcg@10": 0.8178684265333303,
    "ndcg@50": 0.8930192157443333,
    "map": 0.6460205805474507,
    "p@10": 0.6
  },
  "model_only": {
    "ndcg@10": 0.9675312470866648,
    "ndcg@50": 0.9963910822413516,
    "map": 0.9700082499585192,
    "p@10": 1.0,
    "backend": "sklearn-gbr"
  },
  "no_honeypot_detection": {
    "ndcg@10": 0.0,
    "ndcg@50": 0.1917145111909932,
    "map": 0.2730916765294429,
    "p@10": 0.0,
    "honeypots_in_top10": 10,
    "honeypots_in_top100": 36
  },
  "with_honeypot_detection": {
    "honeypots_in_top10": 0,
    "honeypots_in_top100": 0
  },
  "flat_skill_weighting": {
    "ndcg@10": 0.8681593220300916,
    "ndcg@50": 0.9002281872641449,
    "map": 0.6671036420846744,
    "p@10": 0.8
  },
  "decoy_title_check": {
    "n_unrelated_title_candidates_in_stage2_pool": 134,
    "best_rank_under_category_weighting": 3,
    "best_rank_under_flat_weighting": 3
  }
}