{
  "full_ensemble": {
    "ndcg@10": 0.9787142205895947,
    "ndcg@50": 0.9931223194264234,
    "map": 0.9893209200438116,
    "p@10": 1.0,
    "backend": "sklearn-gbr"
  },
  "rule_only": {
    "ndcg@10": 0.8281421013363375,
    "ndcg@50": 0.896538836161807,
    "map": 0.6551958424465057,
    "p@10": 0.7
  },
  "model_only": {
    "ndcg@10": 0.9816590194751599,
    "ndcg@50": 0.9985725891400633,
    "map": 0.9972727272727273,
    "p@10": 1.0,
    "backend": "sklearn-gbr"
  },
  "no_honeypot_detection": {
    "ndcg@10": 0.0,
    "ndcg@50": 0.0,
    "map": 0.0976537834828786,
    "p@10": 0.0,
    "honeypots_in_top10": 10,
    "honeypots_in_top100": 100
  },
  "with_honeypot_detection": {
    "honeypots_in_top10": 0,
    "honeypots_in_top100": 0
  },
  "flat_skill_weighting": {
    "ndcg@10": 0.8223054158700043,
    "ndcg@50": 0.9043991829128447,
    "map": 0.6633078644892088,
    "p@10": 0.7
  },
  "decoy_title_check": {
    "n_unrelated_title_candidates_in_stage2_pool": 63,
    "best_rank_under_category_weighting": 5,
    "best_rank_under_flat_weighting": 3
  }
}